timestamp,hrv,label,stage,hand
1581955594140,0.0,0,0,0
1581955595131,89.0,0,0,0
1581955596132,89.0,0,0,0
1581955597133,88.0,0,0,0
1581955598132,88.0,0,0,0
1581955599133,87.0,0,0,0
1581955600134,86.0,0,0,0
1581955601135,86.0,0,0,0
1581955602147,87.0,0,0,0
1581955603146,87.0,0,0,0
1581955604148,87.0,0,0,0
1581955605138,86.0,0,0,0
1581955606138,86.0,0,0,0
1581955607139,85.0,0,0,0
1581955608150,85.0,0,0,0
1581955609150,85.0,0,0,0
1581955610141,86.0,0,1,0
1581955611142,87.0,0,1,0
1581955612153,88.0,0,1,0
1581955613153,88.0,0,1,0
1581955614154,88.0,0,1,0
1581955615144,87.0,0,1,0
1581955616145,87.0,0,1,0
1581955617148,86.0,0,1,0
1581955618146,85.0,0,1,0
1581955619147,85.0,0,1,0
1581955620148,84.0,0,1,0
1581955621158,84.0,0,1,0
1581955622159,84.0,0,1,0
1581955623160,84.0,0,1,0
1581955624160,83.0,0,1,0
1581955625151,83.0,0,1,0
1581955626152,81.0,0,1,0
1581955627163,81.0,0,1,0
1581955628163,80.0,0,1,0
1581955629154,80.0,0,1,0
1581955630154,81.0,0,1,0
1581955631155,81.0,0,1,0
1581955632167,82.0,0,1,0
1581955633166,83.0,0,1,0
1581955634167,82.0,0,1,0
1581955635158,82.0,0,1,0
1581955636158,81.0,0,1,0
1581955637169,81.0,0,1,0
1581955638170,80.0,0,1,0
1581955639170,79.0,0,1,0
1581955640161,78.0,0,1,0
1581955641162,77.0,0,1,0
1581955642163,78.0,0,1,0
1581955643173,79.0,0,1,0
1581955644174,79.0,0,1,0
1581955645164,78.0,0,1,0
1581955646165,78.0,0,1,0
1581955647178,77.0,0,1,0
1581955648166,77.0,0,1,0
1581955649167,76.0,0,1,0
1581955650168,76.0,0,1,0
1581955651168,76.0,0,1,0
1581955652181,76.0,0,1,0
1581955653180,76.0,0,1,0
1581955654180,77.0,0,1,0
1581955655171,78.0,0,1,0
1581955656172,79.0,0,1,0
1581955657183,81.0,0,1,0
1581955658183,81.0,0,1,0
1581955659174,84.0,0,1,0
1581955660174,87.0,0,1,0
1581955661175,89.0,0,1,0
1581955662187,88.0,0,1,0
1581955663176,86.0,0,1,0
1581955664177,86.0,0,1,0
1581955665178,87.0,0,1,0
1581955666178,86.0,0,1,0
1581955667179,86.0,0,1,0
1581955668190,85.0,0,1,0
1581955669190,84.0,0,1,0
1581955670181,83.0,0,1,0
1581955671182,83.0,0,1,0
1581955672193,82.0,0,1,0
1581955673193,81.0,0,1,0
1581955674194,80.0,0,1,0
1581955675184,80.0,0,1,0
1581955676185,80.0,0,1,0
1581955677198,80.0,0,1,0
1581955678186,80.0,0,1,0
1581955679187,80.0,0,1,0
1581955680188,79.0,0,1,0
1581955681198,79.0,0,1,0
1581955682189,79.0,0,1,0
1581955683190,79.0,0,1,0
1581955684200,79.0,0,1,0
1581955685191,78.0,0,1,0
1581955686192,78.0,0,1,0
1581955687204,78.0,0,1,0
1581955688203,78.0,0,1,0
1581955689194,77.0,0,1,0
1581955690194,77.0,0,1,0
1581955691195,76.0,0,1,0
1581955692208,76.0,0,1,0
1581955693206,75.0,0,1,0
1581955694207,75.0,0,1,0
1581955695198,75.0,0,1,0
1581955696198,75.0,0,1,0
1581955697199,74.0,0,1,0
1581955698210,74.0,0,1,0
1581955699210,75.0,0,1,0
1581955700201,76.0,0,1,0
1581955701202,76.0,0,1,0
1581955702203,77.0,0,1,0
1581955703203,78.0,0,1,0
1581955704214,79.0,0,1,0
1581955705204,80.0,0,1,0
1581955706205,81.0,0,1,0
1581955707218,82.0,0,1,0
1581955708206,82.0,0,1,0
1581955709207,82.0,0,1,0
1581955710208,82.0,0,1,0
1581955711218,82.0,0,1,0
1581955712219,82.0,0,1,0
1581955713220,82.0,0,1,0
1581955714220,82.0,0,1,0
1581955715211,82.0,0,1,0
1581955716212,83.0,0,1,0
1581955717223,83.0,0,1,0
1581955718223,83.0,0,1,0
1581955719214,82.0,0,1,0
1581955720214,81.0,0,1,0
1581955721215,80.0,0,1,0
1581955722229,80.0,0,1,0
1581955723226,79.0,0,1,0
1581955724227,78.0,0,1,0
1581955725218,77.0,0,1,0
1581955726218,77.0,0,1,0
1581955727219,76.0,0,1,0
1581955728230,76.0,0,1,0
1581955729220,78.0,0,1,0
1581955730221,78.0,0,1,0
1581955731222,78.0,0,1,0
1581955732223,79.0,0,1,0
1581955733233,79.0,0,1,0
1581955734234,79.0,0,1,0
1581955735224,80.0,0,1,0
1581955736225,80.0,0,1,0
1581955737239,80.0,0,1,0
1581955738226,80.0,0,1,0
1581955739227,81.0,0,1,0
1581955740228,80.0,0,1,0
1581955741238,80.0,0,1,0
1581955742240,80.0,0,1,0
1581955743240,79.0,0,1,0
1581955744240,78.0,0,1,0
1581955745231,78.0,0,1,0
1581955746232,77.0,0,1,0
1581955747233,77.0,0,1,0
1581955748233,77.0,0,1,0
1581955749234,76.0,0,1,0
1581955750234,77.0,0,1,0
1581955751235,78.0,0,1,0
1581955752248,78.0,0,1,0
1581955753246,78.0,0,1,0
1581955754247,78.0,0,1,0
1581955755238,78.0,0,1,0
1581955756238,77.0,0,1,0
1581955757250,77.0,0,1,0
1581955758250,76.0,0,1,0
1581955759250,75.0,0,1,0
1581955760241,74.0,0,1,0
1581955761242,74.0,0,1,0
1581955762243,74.0,0,1,0
1581955763242,75.0,0,1,0
1581955764244,75.0,0,1,0
1581955765244,76.0,0,1,0
1581955766245,76.0,0,1,0
1581955767258,77.0,0,1,0
1581955768246,77.0,0,1,0
1581955769247,79.0,0,1,0
1581955770248,80.0,0,1,0
1581955771248,80.0,0,1,0
1581955772260,81.0,0,1,0
1581955773260,82.0,0,1,0
1581955774260,81.0,0,1,0
1581955775251,81.0,0,1,0
1581955776252,81.0,0,1,0
1581955777253,82.0,0,1,0
1581955778253,83.0,0,1,0
1581955779254,84.0,0,1,0
1581955780254,84.0,0,1,0
1581955781255,83.0,0,1,0
1581955782268,83.0,0,1,0
1581955783266,81.0,0,1,0
1581955784267,81.0,0,1,0
1581955785258,79.0,0,1,0
1581955786258,79.0,0,1,0
1581955787259,79.0,0,1,0
1581955788270,78.0,0,1,0
1581955789270,78.0,0,1,0
1581955790261,77.0,0,1,0
1581955791263,77.0,0,1,0
1581955792273,76.0,0,1,0
1581955793273,75.0,0,1,0
1581955794274,75.0,0,1,0
1581955795264,74.0,0,1,0
1581955796265,74.0,0,1,0
1581955797267,73.0,0,1,0
1581955798268,73.0,0,1,0
1581955799277,73.0,0,1,0
1581955800268,74.0,0,1,0
1581955801268,74.0,0,1,0
1581955802280,75.0,0,1,0
1581955803280,75.0,0,1,0
1581955804280,76.0,0,1,0
1581955805271,76.0,0,1,0
1581955806272,77.0,0,1,0
1581955807273,77.0,0,1,0
1581955808273,78.0,5,1,d
1581955809274,79.0,5,1,d
1581955810274,80.0,5,1,d
1581955811275,80.0,5,1,d
1581955812288,80.0,5,1,d
1581955813286,81.0,5,1,d
1581955814287,81.0,5,1,d
1581955815278,80.0,5,1,d
1581955816278,79.0,5,1,d
1581955817290,80.0,5,1,d
1581955818290,80.0,5,1,d
1581955819280,81.0,0,1,0
1581955820281,81.0,0,1,0
1581955821282,82.0,0,1,0
1581955822283,82.0,0,1,0
1581955823283,82.0,0,1,0
1581955824294,81.0,0,1,0
1581955825284,80.0,0,1,0
1581955826286,80.0,0,1,0
1581955827298,79.0,0,1,0
1581955828286,79.0,0,1,0
1581955829288,78.0,0,1,0
1581955830289,77.0,0,1,0
1581955831288,76.0,0,1,0
1581955832300,75.0,0,1,0
1581955833300,75.0,0,1,0
1581955834300,75.0,0,1,0
1581955835291,76.0,0,1,0
1581955836292,75.0,2,1,d
1581955837303,73.0,2,1,d
1581955838303,74.0,2,1,d
1581955839294,74.0,2,1,d
1581955840294,74.0,2,1,d
1581955841295,74.0,2,1,d
1581955842310,74.0,0,1,0
1581955843306,73.0,0,1,0
1581955844307,73.0,0,1,0
1581955845298,73.0,0,1,0
1581955846298,74.0,0,1,0
1581955847300,75.0,0,1,0
1581955848310,75.0,0,1,0
1581955849310,75.0,0,1,0
1581955850301,75.0,2,1,d
1581955851302,74.0,2,1,d
1581955852313,75.0,2,1,d
1581955853313,74.0,2,1,d
1581955854315,73.0,2,1,d
1581955855304,74.0,2,1,d
1581955856305,76.0,2,1,d
1581955857317,78.0,2,1,d
1581955858306,78.0,2,1,d
1581955859307,77.0,2,1,d
1581955860308,75.0,2,1,d
1581955861319,74.0,2,1,d
1581955862310,73.0,2,1,d
1581955863310,72.0,2,1,d
1581955864320,75.0,2,1,d
1581955865311,75.0,2,1,d
1581955866312,74.0,2,1,d
1581955867323,73.0,2,1,d
1581955868323,72.0,2,1,d
1581955869314,72.0,2,1,d
1581955870314,72.0,2,1,d
1581955871315,72.0,2,1,d
1581955872375,0.0,2,1,d
1581955873376,0.0,2,1,d
1581955874379,0.0,2,1,d
1581955875377,0.0,2,1,d
1581955876379,0.0,2,1,d
1581955877379,0.0,2,1,d
1581955878379,0.0,2,1,d
1581955879380,0.0,2,1,d
1581955880383,0.0,2,1,d
1581955881382,76.0,2,1,d
1581955882393,76.0,2,1,d
1581955883386,76.0,2,1,d
1581955884383,77.0,2,1,d
1581955885384,77.0,2,1,d
1581955886389,78.0,2,1,d
1581955887390,79.0,2,1,d
1581955888387,80.0,2,1,d
1581955889387,81.0,2,1,d
1581955890387,81.0,2,1,d
1581955891392,82.0,2,1,d
1581955892393,81.0,2,1,d
1581955893393,81.0,2,1,d
1581955894390,80.0,2,1,d
1581955895391,80.0,2,1,d
1581955896392,80.0,2,1,d
1581955897397,79.0,2,1,d
1581955898397,78.0,2,1,d
1581955899393,78.0,2,1,d
1581955900394,77.0,2,1,d
1581955901406,77.0,2,1,d
1581955902399,76.0,2,1,d
1581955903399,75.0,2,1,d
1581955904397,75.0,2,1,d
1581955905397,76.0,2,1,d
1581955906399,77.0,2,1,d
1581955907399,77.0,2,1,d
1581955908402,76.0,2,1,d
1581955909400,76.0,2,1,d
1581955910401,77.0,2,1,d
1581955911404,78.0,2,1,d
1581955912405,78.0,2,1,d
1581955913405,77.0,0,0,0
1581955914404,77.0,0,0,0
1581955915404,77.0,0,0,0
1581955916409,76.0,0,0,0
1581955917409,77.0,0,0,0
1581955918406,78.0,0,0,0
1581955919407,79.0,0,0,0
1581955920407,79.0,0,0,0
1581955921411,79.0,0,0,0
1581955922411,80.0,0,0,0
1581955923411,79.0,0,0,0
1581955924410,79.0,0,0,0
1581955925411,79.0,0,0,0
1581955926413,78.0,0,0,0
1581955927415,78.0,0,0,0
1581955928416,79.0,0,0,0
1581955929413,79.0,0,0,0
1581955930414,79.0,0,0,0
1581955931418,80.0,0,0,0
1581955932422,81.0,0,0,0
1581955933418,80.0,0,0,0
1581955934418,81.0,0,0,0
1581955935417,81.0,0,0,0
1581955936420,82.0,0,0,0
1581955937421,83.0,0,0,0
1581955938421,84.0,0,0,0
1581955939420,84.0,0,0,0
1581955940421,84.0,0,0,0
1581955941422,84.0,0,0,0
1581955942422,83.0,0,0,0
1581955943427,83.0,0,0,0
1581955944423,84.0,0,0,0
1581955945424,84.0,0,0,0
1581955946430,85.0,0,0,0
1581955947430,85.0,0,0,0
1581955948426,84.0,0,0,0
1581955949427,87.0,0,0,0
1581955950428,89.0,0,0,0
1581955951432,90.0,0,0,0
1581955952433,89.0,0,0,0
1581955953433,89.0,0,0,0
1581955954430,88.0,0,0,0
1581955955435,88.0,0,0,0
1581955956435,89.0,0,0,0
1581955957436,90.0,0,0,0
1581955958437,89.0,0,0,0
1581955959434,89.0,0,0,0
1581955960434,89.0,0,2,0
1581955961438,90.0,0,2,0
1581955962435,91.0,0,2,0
1581955963436,91.0,0,2,0
1581955964437,91.0,0,2,0
1581955965438,92.0,0,2,0
1581955966439,91.0,0,2,0
1581955967440,91.0,0,2,0
1581955968443,89.0,0,2,0
1581955969440,88.0,0,2,0
1581955970441,88.0,0,2,0
1581955971445,88.0,0,2,0
1581955972446,88.0,0,2,0
1581955973447,88.0,0,2,0
1581955974444,89.0,0,2,0
1581955975444,90.0,0,2,0
1581955976448,91.0,0,2,0
1581955977450,91.0,0,2,0
1581955978446,90.0,0,2,0
1581955979447,90.0,0,2,0
1581955980448,90.0,0,2,0
1581955981451,90.0,0,2,0
1581955982453,89.0,0,2,0
1581955983453,89.0,0,2,0
1581955984450,88.0,0,2,0
1581955985451,88.0,0,2,0
1581955986455,88.0,0,2,0
1581955987456,87.0,0,2,0
1581955988457,87.0,0,2,0
1581955989454,86.0,0,2,0
1581955990455,85.0,0,2,0
1581955991459,84.0,0,2,0
1581955992460,84.0,0,2,0
1581955993460,84.0,0,2,0
1581955994457,85.0,0,2,0
1581955995458,86.0,0,2,0
1581955996459,87.0,0,2,0
1581955997464,88.0,0,2,0
1581955998463,89.0,0,2,0
1581955999460,89.0,0,2,0
1581956000461,89.0,0,2,0
1581956001462,89.0,0,2,0
1581956002463,88.0,0,2,0
1581956003463,88.0,0,2,0
1581956004464,87.0,0,2,0
1581956005464,87.0,0,2,0
1581956006468,86.0,0,2,0
1581956007469,87.0,0,2,0
1581956008466,87.0,0,2,0
1581956009467,88.0,0,2,0
1581956010468,88.0,0,2,0
1581956011470,88.0,0,2,0
1581956012471,87.0,0,2,0
1581956013471,87.0,0,2,0
1581956014470,86.0,0,2,0
1581956015471,86.0,0,2,0
1581956016473,85.0,0,2,0
1581956017474,85.0,0,2,0
1581956018475,84.0,0,2,0
1581956019474,84.0,0,2,0
1581956020474,84.0,0,2,0
1581956021478,84.0,0,2,0
1581956022480,85.0,0,2,0
1581956023480,85.0,0,2,0
1581956024478,86.0,0,2,0
1581956025478,86.0,0,2,0
1581956026479,87.0,0,2,0
1581956027480,88.0,0,2,0
1581956028484,89.0,0,2,0
1581956029480,89.0,0,2,0
1581956030481,90.0,0,2,0
1581956031485,90.0,0,2,0
1581956032485,90.0,0,2,0
1581956033485,90.0,0,2,0
1581956034484,89.0,0,2,0
1581956035484,88.0,0,2,0
1581956036490,88.0,0,2,0
1581956037489,87.0,0,2,0
1581956038486,87.0,0,2,0
1581956039487,86.0,0,2,0
1581956040488,85.0,0,2,0
1581956041491,85.0,0,2,0
1581956042502,85.0,0,2,0
1581956043492,84.0,0,2,0
1581956044490,84.0,0,2,0
1581956045492,83.0,0,2,0
1581956046493,83.0,0,2,0
1581956047495,82.0,0,2,0
1581956048495,82.0,0,2,0
1581956049494,82.0,0,2,0
1581956050494,82.0,0,2,0
1581956051501,83.0,0,2,0
1581956052501,83.0,0,2,0
1581956053498,84.0,0,2,0
1581956054498,85.0,0,2,0
1581956055498,85.0,0,2,0
1581956056500,84.0,0,2,0
1581956057501,84.0,0,2,0
1581956058502,84.0,0,2,0
1581956059500,83.0,0,2,0
1581956060502,84.0,0,2,0
1581956061502,83.0,0,2,0
1581956062503,83.0,0,2,0
1581956063504,83.0,0,2,0
1581956064504,82.0,0,2,0
1581956065504,82.0,0,2,0
1581956066508,82.0,0,2,0
1581956067506,82.0,0,2,0
1581956068506,81.0,0,2,0
1581956069508,81.0,0,2,0
1581956070508,81.0,0,2,0
1581956071510,81.0,0,2,0
1581956072511,81.0,0,2,0
1581956073512,81.0,0,2,0
1581956074510,81.0,0,2,0
1581956075513,81.0,0,2,0
1581956076514,81.0,0,2,0
1581956077515,81.0,0,2,0
1581956078515,81.0,0,2,0
1581956079514,81.0,0,2,0
1581956080514,82.0,0,2,0
1581956081518,83.0,0,2,0
1581956082519,83.0,0,2,0
1581956083521,84.0,0,2,0
1581956084518,85.0,0,2,0
1581956085518,86.0,0,2,0
1581956086519,86.0,0,2,0
1581956087520,87.0,0,2,0
1581956088524,87.0,0,2,0
1581956089520,87.0,0,2,0
1581956090522,87.0,0,2,0
1581956091526,86.0,0,2,0
1581956092527,86.0,0,2,0
1581956093524,87.0,0,2,0
1581956094524,87.0,0,2,0
1581956095524,88.0,0,2,0
1581956096529,89.0,0,2,0
1581956097526,89.0,0,2,0
1581956098526,90.0,0,2,0
1581956099528,89.0,0,2,0
1581956100528,88.0,0,2,0
1581956101529,88.0,0,2,0
1581956102532,88.0,0,2,0
1581956103532,88.0,0,2,0
1581956104530,88.0,0,2,0
1581956105533,87.0,0,2,0
1581956106534,87.0,0,2,0
1581956107535,87.0,0,2,0
1581956108534,87.0,0,2,0
1581956109534,87.0,0,2,0
1581956110534,88.0,0,2,0
1581956111538,88.0,0,2,0
1581956112539,88.0,0,2,0
1581956113541,88.0,0,2,0
1581956114538,88.0,0,2,0
1581956115538,89.0,0,2,0
1581956116542,89.0,0,2,0
1581956117544,90.0,0,2,0
1581956118544,90.0,0,2,0
1581956119540,91.0,0,2,0
1581956120542,92.0,0,2,0
1581956121542,92.0,0,2,0
1581956122548,91.0,0,2,0
1581956123547,91.0,0,2,0
1581956124544,91.0,0,2,0
1581956125546,92.0,0,2,0
1581956126548,94.0,0,2,0
1581956127549,95.0,0,2,0
1581956128547,95.0,0,2,0
1581956129548,94.0,0,2,0
1581956130549,93.0,0,2,0
1581956131549,92.0,0,2,0
1581956132555,92.0,0,2,0
1581956133554,91.0,0,2,0
1581956134550,92.0,0,2,0
1581956135552,92.0,0,2,0
1581956136556,92.0,0,2,0
1581956137557,92.0,0,2,0
1581956138559,93.0,0,2,0
1581956139554,94.0,0,2,0
1581956140554,94.0,0,2,0
1581956141559,94.0,0,2,0
1581956142559,94.0,0,2,0
1581956143557,94.0,0,2,0
1581956144558,94.0,0,2,0
1581956145558,94.0,0,2,0
1581956146559,94.0,0,2,0
1581956147560,93.0,0,2,0
1581956148562,92.0,0,2,0
1581956149560,91.0,0,2,0
1581956150562,91.0,0,2,0
1581956151565,91.0,0,2,0
1581956152567,91.0,0,2,0
1581956153564,90.0,0,2,0
1581956154564,89.0,0,2,0
1581956155564,89.0,0,2,0
1581956156570,89.0,0,2,0
1581956157570,89.0,0,2,0
1581956158566,89.0,0,2,0
1581956159569,88.0,0,2,0
1581956160568,88.0,0,2,0
1581956161572,87.0,0,2,0
1581956162573,85.0,0,2,0
1581956163570,84.0,0,2,0
1581956164570,84.0,0,2,0
1581956165572,84.0,0,2,0
1581956166580,83.0,0,2,0
1581956167577,82.0,0,2,0
1581956168573,82.0,0,2,0
1581956169574,81.0,0,2,0
1581956170574,82.0,0,2,0
1581956171579,83.0,0,2,0
1581956172580,82.0,0,2,0
1581956173580,83.0,0,2,0
1581956174577,84.0,0,2,0
1581956175578,83.0,0,2,0
1581956176582,82.0,0,2,0
1581956177583,82.0,0,2,0
1581956178584,82.0,0,2,0
1581956179581,83.0,0,2,0
1581956180582,83.0,0,2,0
1581956181583,82.0,0,2,0
1581956182587,81.0,0,2,0
1581956183589,80.0,0,2,0
1581956184584,79.0,0,2,0
1581956185585,79.0,0,2,0
1581956186589,80.0,0,2,0
1581956187590,81.0,0,2,0
1581956188586,81.0,0,2,0
1581956189588,81.0,0,2,0
1581956190588,81.0,0,2,0
1581956191591,81.0,0,2,0
1581956192592,82.0,0,2,0
1581956193592,81.0,0,2,0
1581956194592,81.0,0,2,0
1581956195592,82.0,0,2,0
1581956196593,83.0,0,2,0
1581956197593,84.0,0,2,0
1581956198598,84.0,0,2,0
1581956199594,84.0,0,2,0
1581956200594,84.0,0,2,0
1581956201600,84.0,0,2,0
1581956202600,84.0,0,2,0
1581956203601,85.0,0,2,0
1581956204598,86.0,0,2,0
1581956205598,85.0,0,2,0
1581956206599,87.0,0,2,0
1581956207600,87.0,0,2,0
1581956208604,89.0,0,2,0
1581956209601,91.0,0,2,0
1581956210602,92.0,0,2,0
1581956211606,90.0,0,2,0
1581956212607,91.0,0,2,0
1581956213607,91.0,0,2,0
1581956214604,90.0,0,2,0
1581956215605,88.0,0,2,0
1581956216609,87.0,0,2,0
1581956217610,86.0,0,2,0
1581956218607,86.0,0,2,0
1581956219608,86.0,0,2,0
1581956220608,84.0,0,2,0
1581956221612,83.0,0,2,0
1581956222614,83.0,0,2,0
1581956223614,82.0,0,2,0
1581956224610,82.0,0,2,0
1581956225615,81.0,0,2,0
1581956226616,81.0,0,2,0
1581956227617,80.0,0,2,0
1581956228613,79.0,0,2,0
1581956229614,78.0,0,2,0
1581956230614,77.0,0,2,0
1581956231618,76.0,0,2,0
1581956232621,76.0,0,2,0
1581956233621,76.0,0,2,0
1581956234618,76.0,0,2,0
1581956235618,76.0,0,2,0
1581956236623,76.0,0,2,0
1581956237624,75.0,0,2,0
1581956238624,75.0,0,2,0
1581956239621,76.0,0,2,0
1581956240622,78.0,0,2,0
1581956241623,78.0,0,2,0
1581956242622,80.0,0,2,0
1581956243627,81.0,0,2,0
1581956244624,81.0,0,2,0
1581956245625,82.0,0,2,0
1581956246629,83.0,0,2,0
1581956247629,84.0,0,2,0
1581956248627,84.0,0,2,0
1581956249628,84.0,0,2,0
1581956250628,84.0,0,2,0
1581956251632,83.0,0,2,0
1581956252634,83.0,0,2,0
1581956253634,83.0,0,2,0
1581956254630,82.0,0,2,0
1581956255632,83.0,0,2,0
1581956256636,83.0,0,2,0
1581956257637,84.0,0,2,0
1581956258637,85.0,0,2,0
1581956259634,86.0,0,2,0
1581956260635,85.0,0,0,0
1581956261639,85.0,0,0,0
1581956262640,85.0,0,0,0
1581956263638,84.0,0,0,0
1581956264638,86.0,0,0,0
1581956265638,86.0,0,0,0
1581956266639,88.0,0,0,0
1581956267640,88.0,0,0,0
1581956268644,86.0,0,0,0
1581956269641,85.0,0,0,0
1581956270647,84.0,0,0,0
1581956271642,82.0,0,0,0
1581956272644,82.0,0,0,0
1581956273644,80.0,0,0,0
1581956274644,82.0,0,0,0
1581956275645,84.0,0,0,0
1581956276648,85.0,0,0,0
1581956277646,85.0,0,0,0
1581956278647,85.0,0,0,0
1581956279648,85.0,0,0,0
1581956280648,86.0,0,0,0
1581956281652,87.0,0,0,0
1581956282654,88.0,0,0,0
1581956283654,89.0,0,0,0
1581956284650,88.0,0,0,0
1581956285653,88.0,0,0,0
1581956286653,89.0,0,0,0
1581956287653,88.0,0,0,0
1581956288654,88.0,0,0,0
1581956289654,89.0,0,0,0
1581956290655,90.0,0,0,0
1581956291667,91.0,0,0,0
1581956292662,91.0,0,3,0
1581956293660,92.0,0,3,0
1581956294658,92.0,0,3,0
1581956295658,94.0,0,3,0
1581956296662,95.0,0,3,0
1581956297660,96.0,0,3,0
1581956298661,97.0,0,3,0
1581956299661,97.0,0,3,0
1581956300662,98.0,0,3,0
1581956301663,97.0,0,3,0
1581956302663,97.0,0,3,0
1581956303664,97.0,0,3,0
1581956304664,98.0,0,3,0
1581956305665,99.0,0,3,0
1581956306668,100.0,0,3,0
1581956307669,101.0,0,3,0
1581956308667,103.0,0,3,0
1581956309668,105.0,0,3,0
1581956310668,106.0,0,3,0
1581956311671,106.0,0,3,0
1581956312672,107.0,0,3,0
1581956313673,107.0,0,3,0
1581956314671,106.0,0,3,0
1581956315675,106.0,0,3,0
1581956316676,105.0,0,3,0
1581956317675,105.0,0,3,0
1581956318676,105.0,0,3,0
1581956319674,104.0,0,3,0
1581956320675,104.0,0,3,0
1581956321688,104.0,0,3,0
1581956322679,103.0,0,3,0
1581956323679,103.0,0,3,0
1581956324678,103.0,0,3,0
1581956325679,103.0,0,3,0
1581956326679,103.0,0,3,0
1581956327681,104.0,0,3,0
1581956328683,104.0,0,3,0
1581956329681,103.0,0,3,0
1581956330682,103.0,0,3,0
1581956331683,102.0,0,3,0
1581956332686,102.0,0,3,0
1581956333686,101.0,0,3,0
1581956334684,101.0,0,3,0
1581956335687,100.0,0,3,0
1581956336698,99.0,0,3,0
1581956337689,99.0,0,3,0
1581956338687,99.0,0,3,0
1581956339688,98.0,0,3,0
1581956340688,97.0,0,3,0
1581956341692,98.0,0,3,0
1581956342693,98.0,0,3,0
1581956343694,96.0,0,3,0
1581956344691,95.0,0,3,0
1581956345692,96.0,0,3,0
1581956346696,97.0,0,3,0
1581956347697,97.0,0,3,0
1581956348694,98.0,0,3,0
1581956349694,97.0,0,3,0
1581956350695,97.0,0,3,0
1581956351699,97.0,0,3,0
1581956352700,97.0,0,3,0
1581956353700,97.0,0,3,0
1581956354698,96.0,0,3,0
1581956355698,96.0,0,3,0
1581956356702,94.0,0,3,0
1581956357704,96.0,0,3,0
1581956358704,96.0,0,3,0
1581956359701,97.0,0,3,0
1581956360702,97.0,0,3,0
1581956361703,96.0,0,3,0
1581956362707,96.0,0,3,0
1581956363707,98.0,0,3,0
1581956364704,99.0,0,3,0
1581956365705,98.0,0,3,0
1581956366709,99.0,0,3,0
1581956367710,100.0,0,3,0
1581956368707,99.0,0,3,0
1581956369709,99.0,0,3,0
1581956370708,98.0,0,3,0
1581956371712,99.0,0,3,0
1581956372713,99.0,0,3,0
1581956373714,99.0,0,3,0
1581956374711,98.0,0,3,0
1581956375712,97.0,0,3,0
1581956376716,96.0,0,3,0
1581956377713,97.0,0,3,0
1581956378714,99.0,0,3,0
1581956379714,99.0,0,3,0
1581956380715,100.0,0,3,0
1581956381719,101.0,0,3,0
1581956382720,99.0,0,3,0
1581956383721,100.0,0,3,0
1581956384718,100.0,0,3,0
1581956385718,98.0,0,3,0
1581956386719,97.0,0,3,0
1581956387721,97.0,0,3,0
1581956388724,96.0,0,3,0
1581956389721,96.0,0,3,0
1581956390722,98.0,0,3,0
1581956391726,100.0,0,3,0
1581956392727,101.0,0,3,0
1581956393727,103.0,0,3,0
1581956394728,104.0,0,3,0
1581956395725,103.0,0,3,0
1581956396729,101.0,0,3,0
1581956397727,102.0,0,3,0
1581956398727,101.0,0,3,0
1581956399728,100.0,0,3,0
1581956400728,100.0,0,3,0
1581956401732,99.0,0,3,0
1581956402733,98.0,0,3,0
1581956403733,97.0,0,3,0
1581956404731,97.0,0,3,0
1581956405733,96.0,0,3,0
1581956406733,95.0,0,3,0
1581956407733,96.0,0,3,0
1581956408735,97.0,0,3,0
1581956409734,96.0,0,3,0
1581956410735,95.0,0,3,0
1581956411739,94.0,3,3,b
1581956412740,95.0,3,3,b
1581956413741,97.0,3,3,b
1581956414738,98.0,3,3,b
1581956415738,98.0,3,3,b
1581956416743,97.0,3,3,b
1581956417744,96.0,3,3,b
1581956418744,95.0,3,3,b
1581956419741,95.0,3,3,b
1581956420742,96.0,3,3,b
1581956421743,95.0,3,3,b
1581956422743,95.0,3,3,b
1581956423747,95.0,3,3,b
1581956424744,94.0,3,3,b
1581956425745,95.0,3,3,b
1581956426751,94.0,3,3,b
1581956427750,94.0,3,3,b
1581956428747,94.0,3,3,b
1581956429748,93.0,3,3,b
1581956430748,93.0,3,3,b
1581956431753,93.0,3,3,b
1581956432751,94.0,3,3,b
1581956433750,94.0,3,3,b
1581956434751,95.0,3,3,b
1581956435752,95.0,3,3,b
1581956436756,95.0,3,3,b
1581956437757,95.0,3,3,b
1581956438758,95.0,3,3,b
1581956439754,94.0,3,3,b
1581956440755,94.0,3,3,b
1581956441760,93.0,3,3,b
1581956442761,92.0,3,3,b
1581956443762,91.0,3,3,b
1581956444758,91.0,0,3,0
1581956445758,92.0,0,3,0
1581956446770,92.0,0,3,0
1581956447760,91.0,0,3,0
1581956448764,91.0,0,3,0
1581956449761,90.0,0,3,0
1581956450763,89.0,0,3,0
1581956451763,90.0,0,3,0
1581956452767,90.0,0,3,0
1581956453767,90.0,0,3,0
1581956454764,90.0,0,3,0
1581956455765,89.0,0,3,0
1581956456769,89.0,0,3,0
1581956457770,90.0,0,3,0
1581956458767,91.0,0,3,0
1581956459768,93.0,0,3,0
1581956460768,93.0,0,3,0
1581956461773,93.0,0,3,0
1581956462774,93.0,0,3,0
1581956463774,94.0,0,3,0
1581956464771,93.0,0,3,0
1581956465772,92.0,0,3,0
1581956466773,91.0,5,3,b
1581956467777,91.0,5,3,b
1581956468777,91.0,5,3,b
1581956469774,91.0,5,3,b
1581956470776,91.0,5,3,b
1581956471779,90.0,5,3,b
1581956472780,89.0,5,3,b
1581956473781,89.0,5,3,b
1581956474778,88.0,5,3,b
1581956475778,88.0,5,3,b
1581956476783,88.0,5,3,b
1581956477785,87.0,5,3,b
1581956478784,86.0,5,3,b
1581956479781,85.0,5,3,b
1581956480782,86.0,5,3,b
1581956481783,86.0,5,3,b
1581956482783,85.0,5,3,b
1581956483787,83.0,5,3,b
1581956484784,83.0,5,3,b
1581956485785,83.0,5,3,b
1581956486800,84.0,5,3,b
1581956487790,86.0,0,3,0
1581956488787,87.0,0,3,0
1581956489788,85.0,0,3,0
1581956490788,84.0,0,3,0
1581956491793,84.0,0,3,0
1581956492794,84.0,3,3,b
1581956493794,86.0,3,3,b
1581956494791,88.0,3,3,b
1581956495792,87.0,3,3,b
1581956496796,87.0,3,3,b
1581956497797,86.0,3,3,b
1581956498797,86.0,3,3,b
1581956499794,87.0,3,3,b
1581956500795,87.0,3,3,b
1581956501799,86.0,3,3,b
1581956502800,86.0,0,3,0
1581956503801,87.0,0,3,0
1581956504798,89.0,0,3,0
1581956505799,89.0,0,3,0
1581956506803,89.0,0,3,0
1581956507800,89.0,0,3,0
1581956508804,90.0,0,3,0
1581956509801,91.0,0,3,0
1581956510802,92.0,0,3,0
1581956511806,93.0,0,3,0
1581956512811,94.0,0,3,0
1581956513808,95.0,0,3,0
1581956514804,95.0,0,3,0
1581956515805,95.0,0,3,0
1581956516809,95.0,0,3,0
1581956517810,93.0,0,3,0
1581956518807,93.0,0,3,0
1581956519808,92.0,0,3,0
1581956520808,91.0,0,3,0
1581956521813,93.0,0,3,0
1581956522816,94.0,0,3,0
1581956523814,95.0,0,3,0
1581956524811,94.0,0,3,0
1581956525812,92.0,0,3,0
1581956526816,91.0,0,3,0
1581956527818,90.0,0,3,0
1581956528814,92.0,0,3,0
1581956529814,94.0,0,3,0
1581956530815,93.0,0,3,0
1581956531819,95.0,0,3,0
1581956532820,94.0,0,3,0
1581956533817,93.0,0,3,0
1581956534818,92.0,0,3,0
1581956535818,91.0,0,3,0
1581956536823,91.0,0,3,0
1581956537824,91.0,0,3,0
1581956538824,91.0,0,3,0
1581956539822,93.0,0,3,0
1581956540822,94.0,0,3,0
1581956541823,93.0,0,3,0
1581956542829,92.0,0,3,0
1581956543828,91.0,0,3,0
1581956544824,92.0,0,3,0
1581956545825,91.0,0,3,0
1581956546830,93.0,0,3,0
1581956547830,91.0,0,3,0
1581956548827,89.0,0,3,0
1581956549828,89.0,0,3,0
1581956550828,91.0,0,3,0
1581956551833,91.0,0,3,0
1581956552834,92.0,0,3,0
1581956553834,91.0,0,3,0
1581956554831,91.0,0,3,0
1581956555832,91.0,0,3,0
1581956556836,92.0,0,3,0
1581956557833,92.0,0,3,0
1581956558834,91.0,0,3,0
1581956559834,91.0,0,3,0
1581956560835,90.0,2,3,b
1581956561840,90.0,2,3,b
1581956562841,91.0,2,3,b
1581956563841,91.0,2,3,b
1581956564838,91.0,2,3,b
1581956565838,95.0,2,3,b
1581956566843,98.0,2,3,b
1581956567840,101.0,2,3,b
1581956568844,103.0,2,3,b
1581956569841,103.0,2,3,b
1581956570842,103.0,2,3,b
1581956571846,102.0,2,3,b
1581956572849,102.0,2,3,b
1581956573849,103.0,2,3,b
1581956574844,104.0,2,3,b
1581956575845,105.0,2,3,b
1581956576849,104.0,2,3,b
1581956577851,104.0,2,3,b
1581956578847,103.0,2,3,b
1581956579848,103.0,2,3,b
1581956580848,105.0,2,3,b
1581956581852,106.0,0,3,0
1581956582854,107.0,0,3,0
1581956583854,106.0,0,3,0
1581956584851,106.0,4,3,n
1581956585852,106.0,0,3,0
1581956586853,105.0,0,3,0
1581956587853,104.0,0,3,0
1581956588854,104.0,0,3,0
1581956589854,103.0,0,3,0
1581956590859,105.0,0,3,0
1581956591860,106.0,0,3,0
1581956592861,108.0,0,0,0
1581956593862,109.0,0,0,0
1581956594870,110.0,0,0,0
1581956595859,111.0,0,0,0
1581956596863,110.0,0,0,0
1581956597864,109.0,0,0,0
1581956598864,107.0,0,0,0
1581956599861,108.0,0,0,0
1581956600862,107.0,0,0,0
1581956601863,106.0,0,0,0
1581956602863,105.0,0,0,0
1581956603867,103.0,0,0,0
1581956604864,101.0,0,0,0
1581956605865,102.0,0,0,0
1581956606880,102.0,0,0,0
1581956607871,101.0,0,0,0
1581956608867,101.0,0,0,0
1581956609868,102.0,0,0,0
1581956610868,103.0,0,4,0
1581956611872,104.0,0,4,0
1581956612874,103.0,0,4,0
1581956613875,101.0,0,4,0
1581956614871,100.0,0,4,0
1581956615872,99.0,2,4,d
1581956616877,100.0,2,4,d
1581956617878,100.0,2,4,d
1581956618878,101.0,2,4,d
1581956619874,103.0,2,4,d
1581956620875,104.0,2,4,d
1581956621880,102.0,2,4,d
1581956622881,101.0,2,4,d
1581956623881,102.0,2,4,d
1581956624878,102.0,2,4,d
1581956625878,103.0,2,4,d
1581956626883,102.0,2,4,d
1581956627880,101.0,2,4,d
1581956628884,100.0,2,4,d
1581956629881,98.0,2,4,d
1581956630882,99.0,2,4,d
1581956631893,99.0,2,4,d
1581956632888,99.0,0,4,0
1581956633888,99.0,0,4,0
1581956634884,99.0,0,4,0
1581956635885,98.0,0,4,0
1581956636888,98.0,0,4,0
1581956637897,100.0,0,4,0
1581956638887,99.0,0,4,0
1581956639888,99.0,0,4,0
1581956640888,99.0,0,4,0
1581956641893,99.0,0,4,0
1581956642891,98.0,0,4,0
1581956643895,97.0,0,4,0
1581956644891,97.0,0,4,0
1581956645892,97.0,0,4,0
1581956646895,94.0,0,4,0
1581956647896,93.0,0,4,0
1581956648897,91.0,0,4,0
1581956649895,88.0,0,4,0
1581956650895,85.0,0,4,0
1581956651909,82.0,0,4,0
1581956652899,79.0,0,4,0
1581956653900,77.0,0,4,0
1581956654898,75.0,0,4,0
1581956655899,73.0,0,4,0
1581956656902,72.0,0,4,0
1581956657904,72.0,0,4,0
1581956658905,74.0,0,4,0
1581956659901,75.0,0,4,0
1581956660903,76.0,0,4,0
1581956661903,76.0,0,4,0
1581956662910,77.0,0,4,0
1581956663908,78.0,0,4,0
1581956664905,77.0,0,4,0
1581956665905,77.0,0,4,0
1581956666911,76.0,0,4,0
1581956667909,75.0,0,4,0
1581956668907,74.0,0,4,0
1581956669908,74.0,0,4,0
1581956670909,73.0,0,4,0
1581956671911,73.0,0,4,0
1581956672913,73.0,0,4,0
1581956673913,74.0,0,4,0
1581956674911,75.0,0,4,0
1581956675915,75.0,0,4,0
1581956676915,76.0,0,4,0
1581956677916,76.0,0,4,0
1581956678917,75.0,0,4,0
1581956679915,74.0,0,4,0
1581956680915,75.0,0,4,0
1581956681928,75.0,0,4,0
1581956682921,76.0,0,4,0
1581956683920,76.0,0,4,0
1581956684918,77.0,0,4,0
1581956685919,78.0,0,4,0
1581956686922,78.0,0,4,0
1581956687921,78.0,0,4,0
1581956688923,78.0,0,4,0
1581956689924,78.0,0,4,0
1581956690925,77.0,0,4,0
1581956691925,77.0,0,4,0
1581956692926,76.0,0,4,0
1581956693927,75.0,0,4,0
1581956694927,74.0,0,4,0
1581956695928,74.0,0,4,0
1581956696929,74.0,0,4,0
1581956697930,73.0,0,4,0
1581956698927,73.0,0,4,0
1581956699928,73.0,0,4,0
1581956700931,72.0,0,4,0
1581956701932,73.0,0,4,0
1581956702933,72.0,0,4,0
1581956703931,73.0,0,4,0
1581956704931,73.0,0,4,0
1581956705935,73.0,0,4,0
1581956706933,73.0,0,4,0
1581956707936,73.0,0,4,0
1581956708937,73.0,0,4,0
1581956709935,74.0,0,4,0
1581956710935,75.0,0,4,0
1581956711949,76.0,0,4,0
1581956712939,76.0,0,4,0
1581956713940,75.0,0,4,0
1581956714938,75.0,0,4,0
1581956715939,74.0,0,4,0
1581956716942,73.0,0,4,0
1581956717942,73.0,0,4,0
1581956718943,73.0,0,4,0
1581956719941,72.0,0,4,0
1581956720942,73.0,0,4,0
1581956721943,72.0,0,4,0
1581956722947,72.0,0,4,0
1581956723944,71.0,0,4,0
1581956724945,71.0,0,4,0
1581956725945,70.0,0,4,0
1581956726950,71.0,0,4,0
1581956727951,72.0,0,4,0
1581956728947,73.0,0,4,0
1581956729949,74.0,0,4,0
1581956730949,75.0,0,4,0
1581956731951,77.0,0,4,0
1581956732953,79.0,0,4,0
1581956733954,80.0,0,4,0
1581956734951,82.0,0,4,0
1581956735956,82.0,0,4,0
1581956736957,81.0,0,4,0
1581956737964,80.0,0,4,0
1581956738955,80.0,0,4,0
1581956739955,79.0,0,4,0
1581956740958,79.0,0,4,0
1581956741958,79.0,0,4,0
1581956742959,78.0,0,4,0
1581956743960,78.0,0,4,0
1581956744959,77.0,0,4,0
1581956745959,77.0,0,4,0
1581956746961,76.0,2,4,d
1581956747961,76.0,2,4,d
1581956748963,75.0,2,4,d
1581956749961,74.0,2,4,d
1581956750962,74.0,2,4,d
1581956751965,74.0,2,4,d
1581956752970,74.0,2,4,d
1581956753966,73.0,2,4,d
1581956754965,72.0,2,4,d
1581956755965,72.0,2,4,d
1581956756968,72.0,2,4,d
1581956757969,72.0,2,4,d
1581956758967,72.0,2,4,d
1581956759968,73.0,2,4,d
1581956760969,73.0,2,4,d
1581956761971,73.0,2,4,d
1581956762972,73.0,2,4,d
1581956763973,75.0,2,4,d
1581956764971,75.0,2,4,d
1581956765974,76.0,2,4,d
1581956766975,76.0,2,4,d
1581956767976,77.0,2,4,d
1581956768975,76.0,2,4,d
1581956769975,75.0,2,4,d
1581956770975,76.0,2,4,d
1581956771978,76.0,2,4,d
1581956772979,75.0,2,4,d
1581956773979,76.0,2,4,d
1581956774979,75.0,2,4,d
1581956775979,75.0,2,4,d
1581956776981,75.0,2,4,d
1581956777983,75.0,2,4,d
1581956778983,73.0,2,4,d
1581956779981,73.0,2,4,d
1581956780984,73.0,2,4,d
1581956781983,73.0,2,4,d
1581956782986,73.0,2,4,d
1581956783986,73.0,2,4,d
1581956784985,73.0,2,4,d
1581956785996,74.0,2,4,d
1581956786988,74.0,2,4,d
1581956787990,74.0,2,4,d
1581956788988,73.0,2,4,d
1581956789989,73.0,2,4,d
1581956790989,72.0,2,4,d
1581956791992,72.0,2,4,d
1581956792993,71.0,2,4,d
1581956793993,72.0,2,4,d
1581956794992,73.0,0,4,0
1581956795994,73.0,0,4,0
1581956796995,73.0,0,4,0
1581956797996,73.0,0,4,0
1581956798995,75.0,0,4,0
1581956799995,75.0,0,4,0
1581956800998,76.0,0,4,0
1581956801998,76.0,0,4,0
1581956803010,76.0,0,4,0
1581956804000,75.0,0,4,0
1581956804999,75.0,0,4,0
1581956805999,74.0,0,4,0
1581956807002,73.0,0,4,0
1581956808001,72.0,0,4,0
1581956809006,72.0,0,4,0
1581956810001,72.0,0,4,0
1581956811003,72.0,0,4,0
1581956812007,72.0,0,4,0
1581956813010,72.0,0,4,0
1581956814008,71.0,0,4,0
1581956815005,71.0,0,4,0
1581956816006,71.0,0,4,0
1581956817010,71.0,0,4,0
1581956818011,71.0,0,4,0
1581956819007,71.0,0,4,0
1581956820009,71.0,0,4,0
1581956821019,72.0,0,4,0
1581956822013,72.0,0,4,0
1581956823015,72.0,0,4,0
1581956824014,72.0,0,4,0
1581956825011,73.0,0,4,0
1581956826016,73.0,0,4,0
1581956827013,73.0,0,4,0
1581956828018,72.0,0,4,0
1581956829015,72.0,0,4,0
1581956830015,72.0,0,4,0
1581956831015,72.0,0,4,0
1581956832020,71.0,0,4,0
1581956833021,71.0,0,4,0
1581956834021,71.0,0,4,0
1581956835019,70.0,0,4,0
1581956836019,70.0,0,4,0
1581956837023,70.0,0,4,0
1581956838024,70.0,0,4,0
1581956839025,70.0,0,4,0
1581956840021,71.0,0,4,0
1581956841023,71.0,0,4,0
1581956842023,72.0,0,4,0
1581956843030,72.0,0,4,0
1581956844028,73.0,0,4,0
1581956845029,72.0,0,4,0
1581956846029,72.0,0,4,0
1581956847030,73.0,0,4,0
1581956848031,73.0,0,4,0
1581956849029,73.0,0,4,0
1581956850029,73.0,0,4,0
1581956851031,73.0,0,4,0
1581956852032,73.0,0,4,0
1581956853033,74.0,0,4,0
1581956854033,74.0,0,4,0
1581956855031,74.0,0,4,0
1581956856034,74.0,0,4,0
1581956857035,75.0,0,4,0
1581956858036,75.0,0,4,0
1581956859035,76.0,0,4,0
1581956860035,76.0,0,4,0
1581956861039,75.0,0,4,0
1581956862040,75.0,0,4,0
1581956863041,75.0,0,4,0
1581956864041,74.0,0,4,0
1581956865039,74.0,0,4,0
1581956866039,73.0,0,4,0
1581956867042,74.0,0,4,0
1581956868041,75.0,0,4,0
1581956869044,74.0,0,4,0
1581956870041,75.0,0,4,0
1581956871046,76.0,0,4,0
1581956872048,76.0,0,4,0
1581956873046,76.0,0,4,0
1581956874045,76.0,0,4,0
1581956875045,76.0,0,4,0
1581956876048,76.0,0,4,0
1581956877048,75.0,0,4,0
1581956878050,75.0,0,4,0
1581956879048,74.0,0,4,0
1581956880049,74.0,0,4,0
1581956881051,74.0,0,4,0
1581956882052,74.0,0,4,0
1581956883053,74.0,0,4,0
1581956884053,74.0,0,4,0
1581956885052,75.0,0,4,0
1581956886055,75.0,0,4,0
1581956887055,74.0,0,4,0
1581956888057,74.0,0,4,0
1581956889055,74.0,0,4,0
1581956890055,74.0,0,4,0
1581956891060,75.0,0,4,0
1581956892060,75.0,0,4,0
1581956893061,74.0,0,4,0
1581956894061,73.0,0,4,0
1581956895059,73.0,0,4,0
1581956896069,75.0,0,4,0
1581956897062,75.0,0,4,0
1581956898061,76.0,0,4,0
1581956899061,77.0,0,4,0
1581956900062,77.0,0,4,0
1581956901063,76.0,0,4,0
1581956902064,76.0,0,4,0
1581956903067,75.0,0,4,0
1581956904068,74.0,0,4,0
1581956905065,74.0,0,4,0
1581956906069,74.0,0,4,0
1581956907072,74.0,0,4,0
1581956908067,75.0,0,4,0
1581956909068,76.0,0,4,0
1581956910069,75.0,0,0,0
1581956911073,75.0,0,0,0
1581956912073,75.0,0,0,0
1581956913074,77.0,0,0,0
1581956914075,77.0,0,0,0
1581956915072,78.0,0,0,0
1581956916073,80.0,0,0,0
1581956917074,81.0,0,0,0
1581956918074,80.0,0,0,0
1581956919075,80.0,0,0,0
1581956920075,80.0,0,0,0
1581956921078,79.0,0,0,0
1581956922078,81.0,0,0,0
1581956923079,82.0,0,0,0
1581956924081,83.0,0,0,0
1581956925079,84.0,0,0,0
1581956926079,85.0,0,0,0
1581956927083,84.0,0,0,0
1581956928081,84.0,0,0,0
1581956929085,83.0,0,0,0
1581956930082,83.0,0,0,0
1581956931086,82.0,0,0,0
1581956932087,82.0,0,0,0
1581956933090,82.0,0,0,0
1581956934088,82.0,0,0,0
1581956935085,81.0,0,0,0
1581956936090,81.0,0,0,0
1581956937090,81.0,0,0,0
1581956938091,81.0,0,0,0
1581956939088,81.0,0,0,0
1581956940089,81.0,0,0,0
1581956941093,79.0,0,0,0
1581956942090,80.0,0,0,0
1581956943091,79.0,0,0,0
1581956944095,79.0,0,0,0
1581956945092,81.0,0,0,0
1581956946095,80.0,0,0,0
1581956947100,78.0,0,0,0
1581956948099,80.0,0,0,0
1581956949095,82.0,0,0,0
1581956950095,84.0,0,0,0
1581956951100,85.0,0,0,0
1581956952100,87.0,0,0,0
1581956953101,87.0,0,0,0
1581956954101,88.0,0,0,0
1581956955099,90.0,0,0,0
1581956956103,92.0,0,0,0
1581956957103,93.0,0,0,0
1581956958104,91.0,0,0,0
1581956959105,90.0,0,0,0
1581956960102,89.0,0,0,0
1581956961103,89.0,0,0,0
1581956962104,90.0,0,0,0
1581956963104,91.0,0,0,0
1581956964105,92.0,0,0,0
1581956965105,92.0,0,5,0
1581956966106,92.0,0,5,0
1581956967108,90.0,0,5,0
1581956968110,90.0,0,5,0
1581956969109,90.0,0,5,0
1581956970150,88.0,0,5,0
1581956971109,87.0,0,5,0
1581956972110,87.0,0,5,0
1581956973114,88.0,0,5,0
1581956974115,89.0,0,5,0
1581956975112,89.0,0,5,0
1581956976113,88.0,0,5,0
1581956977114,87.0,0,5,0
1581956978121,89.0,0,5,0
1581956979115,90.0,0,5,0
1581956980115,92.0,0,5,0
1581956981119,93.0,0,5,0
1581956982120,93.0,0,5,0
1581956983122,93.0,0,5,0
1581956984121,92.0,0,5,0
1581956985119,91.0,0,5,0
1581956986119,91.0,0,5,0
1581956987123,92.0,0,5,0
1581956988121,94.0,0,5,0
1581956989125,95.0,0,5,0
1581956990122,95.0,0,5,0
1581956991124,96.0,0,5,0
1581956992128,97.0,0,5,0
1581956993130,98.0,0,5,0
1581956994128,97.0,0,5,0
1581956995129,95.0,0,5,0
1581956996130,94.0,0,5,0
1581956997128,93.0,0,5,0
1581956998132,93.0,0,5,0
1581956999130,95.0,0,5,0
1581957000172,96.0,0,5,0
1581957001132,96.0,0,5,0
1581957002131,97.0,0,5,0
1581957003132,97.0,0,5,0
1581957004131,96.0,0,5,0
1581957005132,95.0,0,5,0
1581957006133,94.0,0,5,0
1581957007134,94.0,0,5,0
1581957008134,94.0,0,5,0
1581957009135,94.0,0,5,0
1581957010135,94.0,0,5,0
1581957011136,93.0,0,5,0
1581957012140,94.0,0,5,0
1581957013141,94.0,0,5,0
1581957014142,93.0,0,5,0
1581957015139,92.0,0,5,0
1581957016143,92.0,0,5,0
1581957017143,93.0,0,5,0
1581957018142,94.0,0,5,0
1581957019141,94.0,0,5,0
1581957020142,95.0,0,5,0
1581957021143,94.0,0,5,0
1581957022144,94.0,0,5,0
1581957023144,96.0,0,5,0
1581957024148,95.0,0,5,0
1581957025145,96.0,0,5,0
1581957026147,97.0,0,5,0
1581957027148,97.0,0,5,0
1581957028164,97.0,0,5,0
1581957029148,97.0,0,5,0
1581957030149,96.0,0,5,0
1581957031153,96.0,0,5,0
1581957032153,97.0,0,5,0
1581957033155,96.0,0,5,0
1581957034155,95.0,0,5,0
1581957035152,96.0,0,5,0
1581957036155,96.0,0,5,0
1581957037154,94.0,0,5,0
1581957038154,95.0,0,5,0
1581957039155,95.0,0,5,0
1581957040194,96.0,0,5,0
1581957041156,95.0,0,5,0
1581957042180,94.0,0,5,0
1581957043159,93.0,0,5,0
1581957044158,92.0,0,5,0
1581957045160,91.0,0,5,0
1581957046159,89.0,0,5,0
1581957047162,88.0,0,5,0
1581957048161,86.0,0,5,0
1581957049165,85.0,0,5,0
1581957050162,83.0,0,5,0
1581957051166,85.0,0,5,0
1581957052168,87.0,0,5,0
1581957053169,88.0,0,5,0
1581957054168,90.0,0,5,0
1581957055165,90.0,0,5,0
1581957056170,90.0,0,5,0
1581957057170,89.0,0,5,0
1581957058172,88.0,0,5,0
1581957059168,88.0,0,5,0
1581957060169,88.0,0,5,0
1581957061173,87.0,0,5,0
1581957062173,86.0,0,5,0
1581957063174,86.0,0,5,0
1581957064175,86.0,0,5,0
1581957065172,87.0,0,5,0
1581957066173,86.0,0,5,0
1581957067174,85.0,0,5,0
1581957068174,84.0,0,5,0
1581957069175,83.0,0,5,0
1581957070175,82.0,0,5,0
1581957071176,82.0,0,5,0
1581957072180,82.0,0,5,0
1581957073181,82.0,0,5,0
1581957074178,83.0,0,5,0
1581957075179,84.0,0,5,0
1581957076179,84.0,0,5,0
1581957077180,85.0,0,5,0
1581957078185,86.0,0,5,0
1581957079181,86.0,0,5,0
1581957080182,85.0,0,5,0
1581957081184,84.0,0,5,0
1581957082184,84.0,0,5,0
1581957083190,84.0,0,5,0
1581957084188,84.0,0,5,0
1581957085185,85.0,0,5,0
1581957086190,85.0,0,5,0
1581957087190,84.0,0,5,0
1581957088188,83.0,0,5,0
1581957089188,82.0,0,5,0
1581957090189,82.0,0,5,0
1581957091189,83.0,0,5,0
1581957092193,84.0,0,5,0
1581957093194,86.0,0,5,0
1581957094195,86.0,0,5,0
1581957095192,87.0,0,5,0
1581957096196,86.0,0,5,0
1581957097198,85.0,0,5,0
1581957098199,86.0,0,5,0
1581957099195,87.0,0,5,0
1581957100195,88.0,0,5,0
1581957101200,89.0,0,5,0
1581957102200,89.0,0,5,0
1581957103201,89.0,0,5,0
1581957104202,89.0,0,5,0
1581957105200,88.0,0,5,0
1581957106199,87.0,0,5,0
1581957107201,86.0,0,5,0
1581957108201,85.0,0,5,0
1581957109201,84.0,0,5,0
1581957110202,84.0,0,5,0
1581957111203,83.0,0,5,0
1581957112208,83.0,0,5,0
1581957113204,83.0,0,5,0
1581957114205,83.0,0,5,0
1581957115205,82.0,0,5,0
1581957116210,82.0,0,5,0
1581957117210,82.0,0,5,0
1581957118208,81.0,0,5,0
1581957119208,81.0,0,5,0
1581957120209,80.0,0,5,0
1581957121213,80.0,0,5,0
1581957122213,79.0,0,5,0
1581957123215,79.0,0,5,0
1581957124215,81.0,0,5,0
1581957125212,81.0,0,5,0
1581957126213,82.0,0,5,0
1581957127216,83.0,0,5,0
1581957128214,83.0,0,5,0
1581957129215,82.0,0,5,0
1581957130215,83.0,0,5,0
1581957131220,84.0,0,5,0
1581957132220,83.0,0,5,0
1581957133221,82.0,0,5,0
1581957134223,83.0,0,5,0
1581957135219,84.0,0,5,0
1581957136223,86.0,0,5,0
1581957137224,86.0,0,5,0
1581957138225,85.0,0,5,0
1581957139225,86.0,0,5,0
1581957140221,86.0,0,5,0
1581957141223,87.0,0,5,0
1581957142224,87.0,0,5,0
1581957143224,87.0,0,5,0
1581957144225,86.0,0,5,0
1581957145225,85.0,0,5,0
1581957146226,84.0,0,5,0
1581957147228,83.0,0,5,0
1581957148227,82.0,0,5,0
1581957149228,81.0,0,5,0
1581957150229,80.0,0,5,0
1581957151233,79.0,0,5,0
1581957152234,78.0,0,5,0
1581957153235,77.0,0,5,0
1581957154231,77.0,0,5,0
1581957155232,77.0,0,5,0
1581957156236,76.0,0,5,0
1581957157239,76.0,0,5,0
1581957158237,76.0,0,5,0
1581957159235,74.0,0,5,0
1581957160235,74.0,0,5,0
1581957161239,74.0,0,5,0
1581957162240,73.0,0,5,0
1581957163241,73.0,0,5,0
1581957164242,74.0,0,5,0
1581957165239,74.0,0,5,0
1581957166239,74.0,0,5,0
1581957167244,74.0,0,5,0
1581957168241,74.0,0,5,0
1581957169245,74.0,0,5,0
1581957170242,74.0,0,5,0
1581957171247,74.0,0,5,0
1581957172254,73.0,0,5,0
1581957173249,73.0,0,5,0
1581957174248,73.0,0,5,0
1581957175245,73.0,0,5,0
1581957176250,72.0,0,5,0
1581957177250,72.0,0,5,0
1581957178248,72.0,0,5,0
1581957179248,71.0,0,5,0
1581957180249,71.0,0,5,0
1581957181253,73.0,0,5,0
1581957182251,74.0,0,5,0
1581957183255,73.0,0,5,0
1581957184255,75.0,0,5,0
1581957185252,77.0,0,5,0
1581957186256,79.0,0,5,0
1581957187258,81.0,0,5,0
1581957188259,81.0,0,5,0
1581957189256,82.0,0,5,0
1581957190255,82.0,0,5,0
1581957191260,82.0,0,5,0
1581957192260,81.0,0,5,0
1581957193261,80.0,0,5,0
1581957194262,79.0,0,5,0
1581957195260,79.0,0,5,0
1581957196263,80.0,0,5,0
1581957197264,80.0,0,5,0
1581957198265,80.0,0,5,0
1581957199265,80.0,0,5,0
1581957200262,80.0,0,5,0
1581957201263,80.0,0,5,0
1581957202264,79.0,0,5,0
1581957203269,78.0,0,5,0
1581957204268,77.0,0,5,0
1581957205265,76.0,0,5,0
1581957206276,77.0,0,5,0
1581957207270,78.0,0,5,0
1581957208267,78.0,0,5,0
1581957209268,78.0,0,5,0
1581957210269,79.0,0,5,0
1581957211272,81.0,0,5,0
1581957212271,80.0,0,5,0
1581957213272,80.0,0,5,0
1581957214272,81.0,0,5,0
1581957215272,81.0,0,5,0
1581957216273,81.0,0,5,0
1581957217274,80.0,0,5,0
1581957218274,80.0,0,5,0
1581957219275,80.0,0,5,0
1581957220275,80.0,0,5,0
1581957221280,81.0,0,5,0
1581957222280,81.0,0,5,0
1581957223281,81.0,0,5,0
1581957224282,82.0,0,5,0
1581957225279,82.0,0,5,0
1581957226279,82.0,0,5,0
1581957227284,82.0,0,5,0
1581957228281,82.0,0,5,0
1581957229285,83.0,0,5,0
1581957230282,83.0,0,0,0
1581957231287,83.0,0,0,0
1581957232288,83.0,0,0,0
1581957233288,83.0,0,0,0
1581957234288,83.0,0,0,0
1581957235285,84.0,0,0,0
1581957236291,84.0,0,0,0
1581957237290,83.0,0,0,0
1581957238288,82.0,0,0,0
1581957239288,81.0,0,0,0
1581957240289,80.0,0,0,0
1581957241293,79.0,0,0,0
1581957242294,79.0,0,0,0
1581957243295,78.0,0,0,0
1581957244295,78.0,0,0,0
1581957245292,77.0,0,6,0
1581957246297,77.0,0,6,0
1581957247298,76.0,0,6,0
1581957248300,76.0,0,6,0
1581957249295,77.0,0,6,0
1581957250295,78.0,0,6,0
1581957251296,78.0,0,6,0
1581957252301,79.0,0,6,0
1581957253301,81.0,0,6,0
1581957254302,82.0,0,6,0
1581957255299,84.0,0,6,0
1581957256300,86.0,0,6,0
1581957257304,87.0,0,6,0
1581957258305,86.0,0,6,0
1581957259305,87.0,0,6,0
1581957260302,87.0,0,6,0
1581957261303,88.0,0,6,0
1581957262304,88.0,0,6,0
1581957263309,88.0,0,6,0
1581957264309,89.0,0,6,0
1581957265305,89.0,0,6,0
1581957266310,88.0,0,6,0
1581957267318,88.0,0,6,0
1581957268308,89.0,0,6,0
1581957269308,90.0,0,6,0
1581957270309,90.0,0,6,0
1581957271313,89.0,0,6,0
1581957272312,88.0,0,6,0
1581957273313,87.0,0,6,0
1581957274314,86.0,0,6,0
1581957275312,85.0,0,6,0
1581957276315,84.0,0,6,0
1581957277316,84.0,0,6,0
1581957278317,84.0,0,6,0
1581957279319,84.0,0,6,0
1581957280318,84.0,0,6,0
1581957281319,84.0,0,6,0
1581957282318,83.0,0,6,0
1581957283322,82.0,0,6,0
1581957284318,80.0,0,6,0
1581957285319,81.0,0,6,0
1581957286319,80.0,0,6,0
1581957287324,80.0,0,6,0
1581957288321,78.0,0,6,0
1581957289326,78.0,0,6,0
1581957290322,78.0,0,6,0
1581957291333,78.0,0,6,0
1581957292328,78.0,0,6,0
1581957293328,78.0,0,6,0
1581957294329,78.0,0,6,0
1581957295329,79.0,0,6,0
1581957296330,78.0,0,6,0
1581957297328,77.0,0,6,0
1581957298328,78.0,0,6,0
1581957299328,78.0,0,6,0
1581957300329,77.0,0,6,0
1581957301334,77.0,0,6,0
1581957302334,77.0,0,6,0
1581957303335,77.0,0,6,0
1581957304331,76.0,0,6,0
1581957305336,75.0,0,6,0
1581957306337,74.0,0,6,0
1581957307338,75.0,0,6,0
1581957308338,75.0,0,6,0
1581957309335,75.0,0,6,0
1581957310335,76.0,0,6,0
1581957311340,75.0,0,6,0
1581957312341,74.0,0,6,0
1581957313342,74.0,0,6,0
1581957314338,74.0,0,6,0
1581957315339,73.0,0,6,0
1581957316339,74.0,0,6,0
1581957317344,74.0,0,6,0
1581957318345,74.0,0,6,0
1581957319341,75.0,0,6,0
1581957320342,75.0,0,6,0
1581957321343,75.0,0,6,0
1581957322344,76.0,0,6,0
1581957323349,76.0,0,6,0
1581957324345,77.0,0,6,0
1581957325345,77.0,0,6,0
1581957326350,77.0,0,6,0
1581957327350,76.0,0,6,0
1581957328349,76.0,0,6,0
1581957329348,76.0,0,6,0
1581957330349,75.0,0,6,0
1581957331353,75.0,0,6,0
1581957332354,75.0,0,6,0
1581957333355,76.0,0,6,0
1581957334352,76.0,0,6,0
1581957335352,76.0,0,6,0
1581957336353,77.0,0,6,0
1581957337358,76.0,0,6,0
1581957338358,75.0,0,6,0
1581957339355,74.0,0,6,0
1581957340356,74.0,0,6,0
1581957341360,74.0,0,6,0
1581957342359,76.0,0,6,0
1581957343360,76.0,0,6,0
1581957344358,76.0,0,6,0
1581957345359,76.0,0,6,0
1581957346360,76.0,0,6,0
1581957347361,76.0,0,6,0
1581957348362,75.0,0,6,0
1581957349362,74.0,0,6,0
1581957350362,74.0,0,6,0
1581957351367,73.0,0,6,0
1581957352368,72.0,0,6,0
1581957353368,72.0,0,6,0
1581957354365,74.0,0,6,0
1581957355366,75.0,0,6,0
1581957356368,75.0,0,6,0
1581957357370,75.0,0,6,0
1581957358368,75.0,0,6,0
1581957359368,76.0,0,6,0
1581957360369,75.0,0,6,0
1581957361373,74.0,0,6,0
1581957362374,74.0,0,6,0
1581957363375,74.0,0,6,0
1581957364372,75.0,0,6,0
1581957365372,75.0,0,6,0
1581957366373,76.0,0,6,0
1581957367376,76.0,0,6,0
1581957368377,77.0,0,6,0
1581957369375,77.0,0,6,0
1581957370376,78.0,0,6,0
1581957371379,78.0,0,6,0
1581957372379,78.0,0,6,0
1581957373392,78.0,0,6,0
1581957374378,78.0,0,6,0
1581957375379,78.0,0,6,0
1581957376380,78.0,0,6,0
1581957377383,79.0,0,6,0
1581957378384,79.0,0,6,0
1581957379382,79.0,0,6,0
1581957380382,79.0,0,6,0
1581957381383,78.0,0,6,0
1581957382388,77.0,0,6,0
1581957383389,77.0,0,6,0
1581957384385,76.0,0,6,0
1581957385386,76.0,0,6,0
1581957386390,75.0,4,6,n
1581957387391,74.0,4,6,n
1581957388389,73.0,4,6,n
1581957389390,72.0,4,6,n
1581957390389,72.0,4,6,n
1581957391393,72.0,4,6,n
1581957392394,73.0,4,6,n
1581957393395,74.0,4,6,n
1581957394392,75.0,4,6,n
1581957395392,75.0,0,6,0
1581957396397,75.0,0,6,0
1581957397400,75.0,0,6,0
1581957398398,75.0,0,6,0
1581957399395,75.0,0,6,0
1581957400396,75.0,0,6,0
1581957401400,75.0,0,6,0
1581957402401,75.0,0,6,0
1581957403412,75.0,0,6,0
1581957404398,75.0,0,6,0
1581957405399,75.0,0,6,0
1581957406400,75.0,0,6,0
1581957407404,74.0,2,6,n
1581957408402,74.0,2,6,n
1581957409402,75.0,2,6,n
1581957410402,75.0,2,6,n
1581957411403,74.0,2,6,n
1581957412408,75.0,0,6,0
1581957413411,74.0,0,6,0
1581957414405,73.0,0,6,0
1581957415406,71.0,0,6,0
1581957416410,70.0,0,6,0
1581957417411,69.0,0,6,0
1581957418408,69.0,5,6,n
1581957419408,69.0,5,6,n
1581957420409,69.0,5,6,n
1581957421414,69.0,0,6,0
1581957422414,69.0,0,6,0
1581957423412,70.0,0,6,0
1581957424412,71.0,0,6,0
1581957425412,72.0,0,6,0
1581957426415,73.0,0,6,0
1581957427416,74.0,0,6,0
1581957428417,75.0,0,6,0
1581957429415,75.0,0,6,0
1581957430416,75.0,0,6,0
1581957431419,75.0,0,6,0
1581957432419,74.0,0,6,0
1581957433420,74.0,0,6,0
1581957434418,73.0,0,6,0
1581957435419,72.0,0,6,0
1581957436420,72.0,0,6,0
1581957437423,71.0,0,6,0
1581957438424,70.0,0,6,0
1581957439422,70.0,0,6,0
1581957440422,70.0,0,6,0
1581957441425,71.0,0,6,0
1581957442426,70.0,0,6,0
1581957443429,70.0,0,6,0
1581957444426,71.0,0,6,0
1581957445426,71.0,0,6,0
1581957446430,72.0,0,6,0
1581957447431,73.0,0,6,0
1581957448429,74.0,0,6,0
1581957449428,74.0,0,6,0
1581957450430,74.0,0,6,0
1581957451429,74.0,0,6,0
1581957452433,75.0,0,6,0
1581957453432,75.0,0,6,0
1581957454432,74.0,0,6,0
1581957455432,75.0,0,6,0
1581957456434,75.0,0,6,0
1581957457434,76.0,0,6,0
1581957458434,77.0,0,6,0
1581957459436,78.0,0,6,0
1581957460436,78.0,0,6,0
1581957461440,78.0,0,6,0
1581957462440,79.0,0,6,0
1581957463441,80.0,0,6,0
1581957464438,80.0,0,6,0
1581957465440,80.0,0,6,0
1581957466440,81.0,0,6,0
1581957467444,81.0,0,6,0
1581957468442,81.0,0,6,0
1581957469442,81.0,0,6,0
1581957470442,80.0,0,6,0
1581957471447,80.0,0,6,0
1581957472448,82.0,0,6,0
1581957473451,83.0,0,6,0
1581957474446,84.0,0,6,0
1581957475446,86.0,0,6,0
1581957476449,87.0,0,6,0
1581957477449,87.0,0,6,0
1581957478448,86.0,0,6,0
1581957479448,86.0,0,6,0
1581957480450,85.0,0,6,0
1581957481452,84.0,0,6,0
1581957482453,83.0,0,6,0
1581957483455,81.0,0,6,0
1581957484452,81.0,0,6,0
1581957485452,80.0,0,6,0
1581957486457,78.0,0,6,0
1581957487458,78.0,0,6,0
1581957488457,78.0,0,6,0
1581957489456,78.0,0,6,0
1581957490456,77.0,0,6,0
1581957491459,76.0,0,6,0
1581957492459,75.0,0,6,0
1581957493462,74.0,0,6,0
1581957494458,74.0,0,6,0
1581957495460,73.0,0,6,0
1581957496460,73.0,0,6,0
1581957497464,72.0,0,6,0
1581957498465,72.0,0,6,0
1581957499462,72.0,0,6,0
1581957500462,72.0,0,6,0
1581957501469,72.0,0,6,0
1581957502468,72.0,0,6,0
1581957503469,73.0,0,6,0
1581957504466,74.0,0,6,0
1581957505466,74.0,0,6,0
1581957506470,74.0,0,6,0
1581957507471,76.0,0,6,0
1581957508469,77.0,0,6,0
1581957509468,77.0,0,6,0
1581957510470,78.0,0,6,0
1581957511474,79.0,0,6,0
1581957512474,79.0,0,6,0
1581957513475,78.0,0,6,0
1581957514472,79.0,0,6,0
1581957515472,79.0,0,6,0
1581957516477,78.0,0,6,0
1581957517478,77.0,0,6,0
1581957518478,77.0,0,6,0
1581957519476,76.0,0,6,0
1581957520476,76.0,0,6,0
1581957521480,76.0,0,6,0
1581957522481,76.0,0,6,0
1581957523482,76.0,0,6,0
1581957524478,76.0,0,6,0
1581957525480,77.0,0,6,0
1581957526480,78.0,0,6,0
1581957527481,78.0,0,6,0
1581957528482,79.0,0,6,0
1581957529482,79.0,0,6,0
1581957530482,79.0,0,6,0
1581957531487,78.0,0,6,0
1581957532488,78.0,0,6,0
1581957533490,77.0,0,6,0
1581957534486,76.0,0,6,0
1581957535486,76.0,0,6,0
1581957536490,76.0,0,6,0
1581957537491,76.0,0,6,0
1581957538488,75.0,0,6,0
1581957539489,74.0,0,6,0
1581957540490,74.0,0,6,0
1581957541494,74.0,0,6,0
1581957542494,75.0,0,6,0
1581957543495,75.0,0,6,0
1581957544492,75.0,0,6,0
1581957545493,74.0,0,0,0
1581957546497,75.0,0,0,0
1581957547498,76.0,0,0,0
1581957548499,77.0,0,0,0
1581957549496,77.0,0,0,0
1581957550496,77.0,0,0,0
1581957551501,77.0,0,0,0
1581957552501,77.0,0,0,0
1581957553502,77.0,0,0,0
1581957554499,78.0,0,0,0
1581957555500,78.0,0,0,0
1581957556500,76.0,0,0,0
1581957557504,74.0,0,0,0
1581957558506,76.0,0,0,0
1581957559502,77.0,0,0,0
1581957560503,78.0,0,0,0
1581957561504,79.0,0,0,0
1581957562505,79.0,0,0,0
1581957563509,80.0,0,0,0
1581957564506,81.0,0,0,0
1581957565506,82.0,0,0,0
1581957566510,81.0,0,0,0
1581957567511,80.0,0,0,0
1581957568509,80.0,0,0,0
1581957569509,79.0,0,0,0
1581957570510,79.0,0,0,0
1581957571514,79.0,0,0,0
1581957572514,79.0,0,0,0
1581957573515,80.0,0,0,0
1581957574512,80.0,0,0,0
1581957575513,79.0,0,0,0
1581957576517,79.0,0,0,0
1581957577518,79.0,0,0,0
1581957578520,79.0,0,0,0
1581957579516,78.0,0,0,0
1581957580516,78.0,0,0,0
1581957581521,78.0,0,0,0
1581957582521,77.0,0,0,0
1581957583524,78.0,4,7,n
1581957584519,78.0,4,7,n
1581957585520,78.0,4,7,n
1581957586520,79.0,4,7,n
1581957587521,79.0,4,7,n
1581957588522,80.0,4,7,n
1581957589522,79.0,4,7,n
1581957590523,79.0,4,7,n
1581957591527,80.0,4,7,n
1581957592528,80.0,4,7,n
1581957593531,80.0,4,7,n
1581957594529,81.0,4,7,n
1581957595530,81.0,4,7,n
1581957596527,81.0,4,7,n
1581957597529,82.0,4,7,n
1581957598528,82.0,4,7,n
1581957599529,82.0,4,7,n
1581957600530,82.0,4,7,n
1581957601534,81.0,4,7,n
1581957602534,80.0,4,7,n
1581957603536,79.0,4,7,n
1581957604532,78.0,4,7,n
1581957605533,79.0,4,7,n
1581957606534,79.0,4,7,n
1581957607535,79.0,4,7,n
1581957608541,78.0,4,7,n
1581957609536,78.0,4,7,n
1581957610536,78.0,4,7,n
1581957611540,78.0,4,7,n
1581957612541,78.0,4,7,n
1581957613542,77.0,4,7,n
1581957614539,77.0,4,7,n
1581957615540,77.0,4,7,n
1581957616540,77.0,4,7,n
1581957617546,78.0,4,7,n
1581957618546,79.0,4,7,n
1581957619542,78.0,4,7,n
1581957620543,77.0,4,7,n
1581957621544,80.0,4,7,n
1581957622550,82.0,4,7,n
1581957623551,83.0,4,7,n
1581957624546,83.0,4,7,n
1581957625546,83.0,4,7,n
1581957626551,84.0,4,7,n
1581957627551,85.0,4,7,n
1581957628548,84.0,4,7,n
1581957629549,84.0,4,7,n
1581957630550,84.0,4,7,n
1581957631550,83.0,4,7,n
1581957632554,82.0,4,7,n
1581957633555,80.0,4,7,n
1581957634552,80.0,4,7,n
1581957635553,81.0,4,7,n
1581957636557,80.0,4,7,n
1581957637558,79.0,4,7,n
1581957638559,80.0,4,7,n
1581957639556,80.0,4,7,n
1581957640556,81.0,4,7,n
1581957641561,82.0,4,7,n
1581957642561,82.0,4,7,n
1581957643562,83.0,4,7,n
1581957644560,83.0,4,7,n
1581957645560,83.0,4,7,n
1581957646560,81.0,4,7,n
1581957647575,81.0,4,7,n
1581957648562,81.0,0,0,0
1581957649562,80.0,0,0,0
1581957650563,79.0,0,0,0
1581957651568,79.0,0,0,0
1581957652568,79.0,0,0,0
1581957653569,80.0,0,0,0
1581957654566,80.0,0,0,0
1581957655566,81.0,6,7,n
1581957656571,81.0,6,7,n
1581957657571,80.0,6,7,n
1581957658568,80.0,6,7,n
1581957659568,80.0,6,7,n
1581957660570,79.0,6,7,n
1581957661574,79.0,6,7,n
1581957662575,80.0,6,7,n
1581957663576,82.0,6,7,n
1581957664572,83.0,6,7,n
1581957665572,84.0,6,7,n
1581957666574,84.0,6,7,n
1581957667578,84.0,6,7,n
1581957668580,84.0,6,7,n
1581957669576,83.0,6,7,n
1581957670614,81.0,6,7,n
1581957671577,81.0,6,7,n
1581957672658,0.0,6,7,n
1581957673659,0.0,6,7,n
1581957674659,0.0,6,7,n
1581957675660,0.0,6,7,n
1581957676661,0.0,6,7,n
1581957677671,0.0,6,7,n
1581957678672,0.0,6,7,n
1581957679662,0.0,6,7,n
1581957680663,0.0,6,7,n
1581957681664,0.0,6,7,n
1581957682675,0.0,6,7,n
1581957683675,78.0,6,7,n
1581957684666,78.0,6,7,n
1581957685677,79.0,6,7,n
1581957686678,79.0,6,7,n
1581957687679,80.0,6,7,n
1581957688669,80.0,6,7,n
1581957689669,79.0,6,7,n
1581957690670,80.0,6,7,n
1581957691683,81.0,6,7,n
1581957692681,79.0,6,7,n
1581957693682,79.0,6,7,n
1581957694673,78.0,6,7,n
1581957695673,79.0,6,7,n
1581957696685,78.0,6,7,n
1581957697685,78.0,6,7,n
1581957698685,77.0,6,7,n
1581957699676,78.0,6,7,n
1581957700677,77.0,6,7,n
1581957701678,76.0,6,7,n
1581957702688,74.0,6,7,n
1581957703689,73.0,6,7,n
1581957704679,74.0,6,7,n
1581957705680,73.0,6,7,n
1581957706681,72.0,6,7,n
1581957707682,72.0,6,7,n
1581957708682,71.0,6,7,n
1581957709682,71.0,6,7,n
1581957710683,71.0,6,7,n
1581957711695,70.0,6,7,n
1581957712695,70.0,6,7,n
1581957713696,70.0,6,7,n
1581957714686,70.0,6,7,n
1581957715687,71.0,6,7,n
1581957716688,71.0,6,7,n
1581957717698,72.0,6,7,n
1581957718689,72.0,6,7,n
1581957719689,73.0,6,7,n
1581957720690,73.0,6,7,n
1581957721691,74.0,0,0,0
1581957722701,74.0,0,0,0
1581957723702,74.0,0,0,0
1581957724693,73.0,0,0,0
1581957725695,72.0,0,0,0
1581957726705,71.0,0,0,0
1581957727705,70.0,0,0,0
1581957728695,70.0,0,0,0
1581957729696,72.0,0,0,0
1581957730697,71.0,0,0,0
1581957731698,72.0,0,0,0
1581957732708,71.0,0,0,0
1581957733709,70.0,0,0,0
1581957734699,69.0,0,0,0
1581957735700,69.0,0,0,0
1581957736701,68.0,0,0,0
1581957737701,67.0,0,0,0
1581957738712,66.0,0,0,0
1581957739703,65.0,0,0,0
1581957740703,65.0,0,0,0
1581957741705,65.0,0,0,0
1581957742705,65.0,0,0,0
1581957743716,64.0,0,0,0
1581957744706,63.0,0,0,0
1581957745707,65.0,0,0,0
1581957746718,66.0,0,0,0
1581957747720,66.0,0,0,0
1581957748709,67.0,0,0,0
1581957749709,67.0,0,0,0
1581957750710,66.0,0,0,0
1581957751711,-3.0,0,0,0
1581957752712,-3.0,0,0,0
1581957753712,-3.0,0,0,0
1581957754713,-3.0,0,0,0
1581957755713,0.0,0,0,0
1581957756715,0.0,0,0,0
1581957757715,0.0,0,0,0
1581957758715,0.0,0,0,0
1581957759718,0.0,0,0,0
1581957760717,0.0,0,0,0
1581957761728,0.0,0,0,0
1581957762718,0.0,0,0,0
1581957763729,0.0,0,0,0
1581957764719,0.0,0,0,0
1581957765720,0.0,0,0,0
1581957766732,0.0,0,0,0
1581957767722,0.0,0,0,0
1581957768722,0.0,0,0,0
1581957769723,0.0,0,0,0
1581957770723,0.0,0,0,0
1581957771725,0.0,0,0,0
1581957772735,0.0,0,0,0
1581957773736,0.0,0,0,0
1581957774726,0.0,0,0,0
1581957775727,146.0,0,0,0
1581957776728,146.0,0,0,0
1581957777741,146.0,0,0,0
1581957778729,146.0,0,0,0
1581957779729,146.0,0,0,0
